{
	"AAfire": {
		"category" : "player",
		"sounds" : [ "flansmod:AAfire" ]
	},

	"bomb": {
		"category" : "player",
		"sounds" : [ "flansmod:bomb" ]
	},

	"BrowningReload": {
		"category" : "player",
		"sounds" : [ "flansmod:BrowningReload" ]
	},

	"BrowningShoot": {
		"category" : "player",
		"sounds" : [ "flansmod:BrowningShoot" ]
	},

	"bullet": {
		"category" : "player",
		"sounds" : [ "flansmod:bullet" ]
	},

	"bulletHit": {
		"category" : "player",
		"sounds" : [ "flansmod:bulletHit" ]
	},

	"Engine": {
		"category" : "player",
		"sounds" : [ "flansmod:Engine" ]
	},

	"Flak": {
		"category" : "player",
		"sounds" : [ "flansmod:Flak" ]
	},

	"FlakvierlingShoot": {
		"category" : "player",
		"sounds" : [ "flansmod:FlakvierlingShoot" ]
	},

	"LancasterProp": {
		"category" : "player",
		"sounds" : [ "flansmod:LancasterProp" ]
	},

	"MG42Reload": {
		"category" : "player",
		"sounds" : [ "flansmod:MG42Reload" ]
	},

	"MG42Shoot": {
		"category" : "player",
		"sounds" : [ "flansmod:MG42Shoot" ]
	},

	"mp44Reload": {
		"category" : "player",
		"sounds" : [ "flansmod:mp44Reload" ]
	},

	"PlaneShoot": {
		"category" : "player",
		"sounds" : [ "flansmod:PlaneShoot" ]
	},

	"propSound": {
		"category" : "player",
		"sounds" : [ "flansmod:propSound" ]
	},

	"propStart": {
		"category" : "player",
		"sounds" : [ "flansmod:propStart" ]
	},

	"TankShell": {
		"category" : "player",
		"sounds" : [ "flansmod:TankShell" ]
	}
}